0,1,2,3,4,5,6,7,8,9,10,11,12,13,14,15,16,17,18,19,20,21,22,23,24,25,26,27,28,29,30,31,32,33,34,35,36,37,38,39,40,41,42,43,44,45,46,47,48,49,50,51,52,53,54,55,56,57,58,59,60,61,62,63,64
0,0.4090970754623413,0.847034752368927,0.6833707094192505,0.4689096212387085,0.8069179654121399,0.8188877701759338,0.8180965185165405,0.8045763373374939,0.9060183763504028,0.877282440662384,0.8397396206855774,0.9401333928108215,0.9247215986251831,0.7246827483177185,0.8574440479278564,0.724312424659729,0.6702346205711365,0.3644607663154602,0.726109504699707,0.7398178577423096,0.8934999704360962,0.8854413628578186,0.940451443195343,0.8463484644889832,0.9295770525932312,0.24180305004119873,0.8084990978240967,0.5456907749176025,0.8693271279335022,0.7803539037704468,0.8717443943023682,0.9344223737716675,0.8253512382507324,0.6353554725646973,0.8647747039794922,0.6557167768478394,0.7177984714508057,0.04378324747085571,0.7725844979286194,0.9043673872947693,0.9674515128135681,0.807642936706543,0.7819299101829529,0.6259660720825195,0.9266420006752014,0.8817195892333984,0.7969481348991394,0.5816027522087097,0.7897657155990601,0.7416445016860962,0.6453003883361816,0.960788369178772,0.8644257187843323,0.8113133907318115,0.9227066040039062,0.7216571569442749,0.8229189515113831,0.5830828547477722,0.9467814564704895,0.4796321392059326,0.6527364253997803,0.7165954113006592,0.3534923791885376,0.6949029564857483
1,0.2120906412601471,0.21007224917411804,0.21744109690189362,0.2162676602602005,0.21527819335460663,0.20390599966049194,0.21635964512825012,0.2152155190706253,0.20949263870716095,0.21204382181167603,0.21676141023635864,0.21563078463077545,0.21733585000038147,0.20924228429794312,0.2173268347978592,0.20244942605495453,0.06572093069553375,0.21196764707565308,0.21458831429481506,0.2166941910982132,0.21231524646282196,0.2176036387681961,0.21699510514736176,0.21258091926574707,0.21524645388126373,0.21544992923736572,0.2079002857208252,0.18366867303848267,0.21215875446796417,0.21058478951454163,0.21296195685863495,0.21560373902320862,0.2050575315952301,0.21099258959293365,0.20828765630722046,0.2155718207359314,0.20974166691303253,0.21255986392498016,0.20597738027572632,0.21731066703796387,0.20508259534835815,0.20018287003040314,0.21295708417892456,0.21664121747016907,0.21483638882637024,0.20779730379581451,0.2151416540145874,0.20094136893749237,0.21360059082508087,0.202273890376091,0.1922580450773239,0.20119860768318176,0.21452562510967255,0.21477720141410828,0.21675510704517365,0.2135877162218094,0.21677979826927185,0.2105865776538849,0.2105732560157776,0.2144497185945511,0.2065950334072113,0.2144908308982849,0.20207791030406952,0.1902247965335846
2,0.7187861204147339,0.8911610841751099,0.8561444282531738,0.3403474688529968,0.9412599802017212,0.8135538101196289,0.9680196642875671,0.8181666731834412,0.9602150917053223,0.8416814208030701,0.9121079444885254,0.9652615189552307,0.7942105531692505,0.6268153786659241,0.9579019546508789,0.7740804553031921,0.6385959386825562,0.07517081499099731,0.8764916658401489,0.6271685361862183,0.9001255631446838,0.936225950717926,0.737088680267334,0.9140551686286926,0.772390604019165,0.3517707586288452,0.7857858538627625,0.5898861885070801,0.8915572762489319,0.7777408361434937,0.9362263679504395,0.9654350280761719,0.4548611044883728,0.4744950532913208,0.4152596592903137,0.8690438866615295,0.8051148653030396,0.26558685302734375,0.5825172662734985,0.99554044008255,0.9079074263572693,0.7554446458816528,0.8706778287887573,0.7781943678855896,0.776165246963501,0.9264645576477051,0.8621255159378052,0.407753586769104,0.8265425562858582,0.030423760414123535,0.2410469651222229,0.8837398290634155,0.9316163659095764,0.7550495862960815,0.8447347283363342,0.9300670027732849,0.34937626123428345,0.7902686595916748,0.8327316045761108,0.6683700680732727,0.6209568977355957,0.6264851689338684,0.8062739372253418,0.8528088331222534
3,0.1775321364402771,0.5845193862915039,0.22823655605316162,0.2663832902908325,0.42797356843948364,0.1913471817970276,0.265697717666626,0.29510068893432617,0.14975398778915405,0.6053929328918457,0.6117203235626221,0.7738143801689148,0.3960762023925781,0.4051685929298401,0.3940991759300232,0.35247743129730225,0.1822635531425476,0.10672992467880249,0.7510843873023987,0.3981238603591919,0.7056372165679932,0.5032351016998291,0.579035758972168,0.2222602367401123,0.529625415802002,0.016027748584747314,0.31143712997436523,0.22365707159042358,0.7733640670776367,0.2887088656425476,0.6361226439476013,0.5534228086471558,0.1193387508392334,0.12714064121246338,0.307036817073822,0.3496197462081909,0.4426455497741699,0.032339513301849365,0.2460951805114746,0.5188289880752563,0.7069694995880127,0.3514218330383301,0.4943581819534302,0.6741673946380615,0.27011406421661377,0.7738755941390991,0.4448612928390503,0.36266201734542847,0.48943448066711426,0.09005796909332275,0.25088632106781006,0.5557141900062561,0.3961188793182373,0.7066779136657715,0.3846942186355591,0.3762417435646057,0.23007678985595703,0.503297746181488,0.6340359449386597,0.10926324129104614,0.325836181640625,0.10088789463043213,0.162642240524292,0.4242042303085327
4,0.7915847301483154,0.8653917908668518,0.7386132478713989,0.8942360877990723,0.8234497308731079,0.8031339645385742,0.9054813981056213,0.8254912495613098,0.6865399479866028,0.7827014923095703,0.9671565294265747,0.9284558892250061,0.9235753417015076,0.5966603755950928,0.9195681214332581,0.8343721032142639,0.7418313026428223,0.6631678342819214,0.918641984462738,0.8664050102233887,0.8328615427017212,0.9522786736488342,0.8899527788162231,0.49322545528411865,0.7421855926513672,0.7260242104530334,0.7979670763015747,0.6100890636444092,0.9099741578102112,0.6016395092010498,0.9040359854698181,0.9047898054122925,0.8048171401023865,0.5164709687232971,0.6925393342971802,0.956812858581543,0.8586186766624451,0.6213891506195068,0.5795066356658936,0.9705435037612915,0.9523012638092041,0.5658155083656311,0.8073019981384277,0.8571140170097351,0.9266526103019714,0.9698544144630432,0.5529263019561768,0.7596539258956909,0.7538776993751526,0.6264639496803284,0.9352272748947144,0.9158642888069153,0.832880973815918,0.9090687036514282,0.5872804522514343,0.6712676286697388,0.8832047581672668,0.8957938551902771,0.9566007256507874,0.589805543422699,0.4566150903701782,0.53177410364151,0.8578822612762451,0.7344968318939209
5,0.5042597055435181,0.6437366008758545,0.6884923577308655,0.2825376093387604,0.590006411075592,0.575462281703949,0.3732459545135498,0.452818363904953,0.5897825956344604,0.6552473306655884,0.6137185096740723,0.632255494594574,0.5681432485580444,0.3714301288127899,0.6476888656616211,0.2005932331085205,0.580665111541748,0.11391240358352661,0.609302282333374,0.5544304847717285,0.6939368844032288,0.5004097819328308,0.4525502622127533,0.5900582075119019,0.5018967986106873,0.5861511826515198,0.5649925470352173,0.34528014063835144,0.5864524841308594,0.3936607539653778,0.5851966142654419,0.6211403012275696,0.3104898929595947,0.6512240171432495,0.34469160437583923,0.5935990214347839,0.627101719379425,0.5155214071273804,0.41592106223106384,0.6218829154968262,0.5641698241233826,0.4501054286956787,0.5201597809791565,0.5883995890617371,0.3664167523384094,0.5744129419326782,0.44205954670906067,0.4629290699958801,0.6648947596549988,0.3856348395347595,0.14971405267715454,0.6676560640335083,0.6373685598373413,0.5891792178153992,0.639198899269104,0.47504058480262756,0.3854884207248688,0.5983413457870483,0.6309913396835327,0.5469585061073303,0.462814062833786,0.28791868686676025,0.5076825022697449,0.36811938881874084
6,0.9171258211135864,0.9412709474563599,0.7491386532783508,0.811316967010498,0.9548931121826172,0.8874130845069885,0.98069828748703,0.9557612538337708,0.9754557013511658,0.9114044904708862,0.936921238899231,0.9725980758666992,0.8257040977478027,0.6742905378341675,0.9617339968681335,0.9485043883323669,0.8555483222007751,0.17413330078125,0.8620617985725403,0.8014122843742371,0.97533118724823,0.9734809994697571,0.9332811236381531,0.8870946168899536,0.9426692128181458,0.9108812808990479,0.9262165427207947,0.4134041666984558,0.9569863080978394,0.9525942802429199,0.7282339334487915,0.9731100797653198,0.9039932489395142,0.871953010559082,0.8967972993850708,0.9706248044967651,0.9478558301925659,0.7122833728790283,0.7412512302398682,0.9773337244987488,0.981833815574646,0.9275227189064026,0.9617260098457336,0.8414242267608643,0.9771479368209839,0.9475206136703491,0.6677935123443604,0.9395678043365479,0.9273731708526611,0.8424487113952637,0.97282475233078,0.9086916446685791,0.9567442536354065,0.9177769422531128,0.9748498201370239,0.8294380903244019,0.6994400024414062,0.9353565573692322,0.9606422185897827,0.45089006423950195,0.9477587342262268,0.9153807163238525,0.6576507091522217,0.4511334300041199
7,0.875619649887085,0.789935827255249,0.9051762223243713,0.8777739405632019,0.898030698299408,0.7459573745727539,0.8749438524246216,0.9233524799346924,0.7431920766830444,0.9309436678886414,0.9080907106399536,0.9602991342544556,0.9827697277069092,0.5043932795524597,0.9600233435630798,0.7268286347389221,0.6796329617500305,0.7053635120391846,0.7555302381515503,0.8304440975189209,0.8984376192092896,0.9628279209136963,0.9787230491638184,0.8670012950897217,0.9333820939064026,0.914631187915802,0.9225419163703918,0.7570688724517822,0.9274939894676208,0.8927029371261597,0.9212039113044739,0.9415596127510071,0.9447600841522217,0.70770263671875,0.9072898626327515,0.9048482179641724,0.9161859154701233,0.6902629137039185,0.5638227462768555,0.9591501951217651,0.9270639419555664,0.5325973033905029,0.7943328619003296,0.8569180965423584,0.9671242237091064,0.9075037240982056,0.7025591731071472,0.5785180330276489,0.9024125933647156,0.20160984992980957,0.5312557220458984,0.9562768340110779,0.8389641046524048,0.9005280137062073,0.9298480749130249,0.6942150592803955,0.5891466736793518,0.8523852825164795,0.9125560522079468,0.5869584083557129,0.5776650905609131,0.9417585134506226,0.7772866487503052,0.3687286972999573
8,0.8567164540290833,0.8852106332778931,0.8580467700958252,0.7323086857795715,0.9443340301513672,0.9248683452606201,0.9782476425170898,0.9526001214981079,0.986245334148407,0.9664983749389648,0.9352161288261414,0.9752945303916931,0.9030711650848389,0.7111881971359253,0.9396457076072693,0.9659485220909119,0.8994177579879761,0.41181743144989014,0.8348557949066162,0.8713451623916626,0.95196133852005,0.9344977140426636,0.6988341808319092,0.8487884998321533,0.7797062397003174,0.7010053396224976,0.9827954173088074,0.9342505931854248,0.9443042278289795,0.9432962536811829,0.9117494821548462,0.9737551212310791,0.4474308490753174,0.8982704877853394,0.9026409387588501,0.9659515023231506,0.937656819820404,0.5865859985351562,0.7319345474243164,0.9886757731437683,0.9822256565093994,0.9652087688446045,0.9071419835090637,0.8973637819290161,0.6783328056335449,0.9089581370353699,0.8417307734489441,0.8795613646507263,0.8454525470733643,0.5126715302467346,0.9472395777702332,0.8813217878341675,0.7706592082977295,0.9229649901390076,0.8886163234710693,0.879285454750061,0.9514812231063843,0.8500215411186218,0.9417198300361633,0.774925947189331,0.8493683338165283,0.8150984644889832,0.9551846385002136,0.8333339095115662
9,0.8316194415092468,0.8787078261375427,0.9171411991119385,0.8999056220054626,0.9646421670913696,0.7930257320404053,0.9655198454856873,0.9599336981773376,0.9230960607528687,0.9513545036315918,0.9782789349555969,0.9586835503578186,0.9516806602478027,0.6668269038200378,0.9333474636077881,0.6263803243637085,0.7749530076980591,0.8482360243797302,0.949458658695221,0.7717022895812988,0.9076824188232422,0.9767077565193176,0.9542280435562134,0.8199642300605774,0.9529999494552612,0.911381721496582,0.8995538353919983,0.8220835328102112,0.8912245631217957,0.9115653038024902,0.9045464396476746,0.9772137403488159,0.9727298617362976,0.6894567012786865,0.9377738833427429,0.9137681722640991,0.936592698097229,0.8333135843276978,0.6860175132751465,0.9784059524536133,0.8600414991378784,0.42557626962661743,0.8939837217330933,0.9496043920516968,0.9635080099105835,0.9508113265037537,0.7616366147994995,0.8676630854606628,0.882605791091919,0.7929402589797974,0.8260574340820312,0.9879533648490906,0.8702000975608826,0.9455991387367249,0.8520269989967346,0.7180048227310181,0.49643099308013916,0.9446205496788025,0.9612228870391846,0.6130399703979492,0.7847117781639099,0.9398242831230164,0.876330554485321,0.8139611482620239
10,0.8567545413970947,0.9341356754302979,0.8493025898933411,0.7324375510215759,0.9225351214408875,0.31757640838623047,0.9356246590614319,0.9183334708213806,0.9438817501068115,0.9563410878181458,0.9507503509521484,0.9839931130409241,0.7545117139816284,0.2865913510322571,0.9342493414878845,0.45782434940338135,0.8026062250137329,0.31271642446517944,0.7657106518745422,0.7383916974067688,0.8892843723297119,0.9303140640258789,0.9344461560249329,0.8437888026237488,0.9345189332962036,0.5946921110153198,0.25760430097579956,0.4066186547279358,0.8969984650611877,0.6733133792877197,0.7476500272750854,0.9869647026062012,0.6311525106430054,0.3625718355178833,0.8163399696350098,0.7819130420684814,0.8854920268058777,0.2280063033103943,0.41964590549468994,0.9523283839225769,0.9288436770439148,0.7705019116401672,0.832012414932251,0.8938174843788147,0.8965490460395813,0.9157480597496033,0.7655495405197144,0.6268601417541504,0.6985127329826355,0.29277700185775757,0.34008467197418213,0.8590018153190613,0.9353706240653992,0.9091899991035461,0.9447233080863953,0.7625925540924072,0.6692245006561279,0.7949410080909729,0.8380147814750671,0.5115416049957275,0.5570328235626221,0.9006326794624329,0.2086716890335083,0.5827184915542603
11,0.2001146674156189,0.7136564254760742,0.6982412338256836,0.18686461448669434,0.7038640975952148,0.5963594913482666,0.83249831199646,0.5012311935424805,0.8250367641448975,0.7304662466049194,0.6919287443161011,0.8571159243583679,0.9163963794708252,0.4350820779800415,0.5954975485801697,0.4535483717918396,0.19992434978485107,0.1239321231842041,0.792295515537262,0.3806506395339966,0.7473311424255371,0.8531806468963623,0.6510258316993713,0.4942636489868164,0.7512784004211426,0.6665560603141785,0.7187382578849792,0.6799728274345398,0.7223063707351685,0.6250399947166443,0.9143739342689514,0.9638630747795105,0.45299655199050903,0.6457257270812988,0.6276084780693054,0.8030758500099182,0.6243069171905518,0.17736178636550903,0.10422098636627197,0.9203841686248779,0.914161205291748,0.5898986458778381,0.7088675498962402,0.4981984496116638,0.9036519527435303,0.8023788928985596,0.8001309037208557,0.2311916947364807,0.8418639898300171,0.135700523853302,0.5387476086616516,0.8201795220375061,0.8323136568069458,0.8147203326225281,0.4129641652107239,0.3107367753982544,0.360568106174469,0.4385194778442383,0.9223681688308716,0.39295876026153564,0.40298235416412354,0.8800789713859558,0.8071868419647217,0.1470729112625122
12,0.42358559370040894,0.9252932071685791,0.825098991394043,0.6352976560592651,0.9266036152839661,0.8081229329109192,0.9370924234390259,0.9261478185653687,0.9706130027770996,0.9464199542999268,0.943050742149353,0.9855607748031616,0.46046799421310425,0.06198859214782715,0.9005868434906006,0.8499563932418823,0.8629656434059143,0.3590681552886963,0.9218516945838928,0.65705806016922,0.9501615166664124,0.9679346084594727,0.47125619649887085,0.9508066773414612,0.5699576139450073,0.5930929183959961,0.6674436330795288,0.34502387046813965,0.9356426000595093,0.7228056192398071,0.8814640641212463,0.969261884689331,0.2075616717338562,0.6117780208587646,0.7145489454269409,0.9148589372634888,0.887865424156189,0.25655829906463623,0.5541235208511353,0.9690226912498474,0.9321672916412354,0.5951027274131775,0.7458573579788208,0.8743706941604614,0.6001862287521362,0.9023293852806091,0.7435039281845093,0.8253511786460876,0.783342719078064,0.40946292877197266,0.9048810005187988,0.94279545545578,0.8020660877227783,0.7981308698654175,0.8265085816383362,0.8444852232933044,0.6891318559646606,0.8666880130767822,0.8418545126914978,0.5013775825500488,0.3324112296104431,0.714043378829956,0.8138306140899658,0.8825575709342957
13,0.7760951519012451,0.7695590257644653,0.6746201515197754,0.633366584777832,0.733149528503418,0.48433560132980347,0.9330536723136902,0.8526820540428162,0.7843751907348633,0.6770596504211426,0.8872296810150146,0.8592831492424011,0.9435417652130127,0.8928757905960083,0.891892671585083,0.5455118417739868,0.6211697459220886,0.7320100665092468,0.7587918043136597,0.919588029384613,0.8634617328643799,0.9541608095169067,0.9578097462654114,0.5824075937271118,0.6160181164741516,0.9260753989219666,0.9324635863304138,0.487582266330719,0.8215753436088562,0.8212656378746033,0.9499921202659607,0.9775345325469971,0.8753993511199951,0.48994165658950806,0.5793229341506958,0.915075421333313,0.7507611513137817,0.5822921991348267,0.5198304057121277,0.9859907031059265,0.8677458763122559,0.8293033838272095,0.8417086005210876,0.765264093875885,0.9555432796478271,0.9369614124298096,0.5934041738510132,0.552899956703186,0.7837481498718262,0.9433934092521667,0.8325642347335815,0.7099683284759521,0.9148032069206238,0.8350238800048828,0.6859092116355896,0.7998330593109131,0.719158947467804,0.8424489498138428,0.949577808380127,0.6911746263504028,0.7117342948913574,0.9123311638832092,0.39487189054489136,0.5134589076042175
14,0.7110275030136108,0.6145910024642944,0.5155405402183533,0.45196664333343506,0.8208897113800049,0.6142921447753906,0.5390753746032715,0.8343642950057983,0.7908172011375427,0.7411017417907715,0.766422688961029,0.9479542970657349,0.8115931153297424,0.7095024585723877,0.7051899433135986,0.23425894975662231,0.3713412284851074,0.6426718235015869,0.8926663994789124,0.7575069069862366,0.8819351196289062,0.6191473007202148,0.887901246547699,0.6039532423019409,0.8817093372344971,0.11967211961746216,0.4955365061759949,0.4251542091369629,0.8399312496185303,0.17395299673080444,0.4159467816352844,0.811132550239563,0.7213039994239807,0.3555343747138977,0.3474586009979248,0.7873115539550781,0.8223562240600586,0.28950178623199463,0.7697508335113525,0.8216931819915771,0.7941267490386963,0.22917580604553223,0.8912122845649719,0.7180708646774292,0.5160106420516968,0.799992561340332,0.4577483534812927,0.4619925022125244,0.7426210641860962,0.08092504739761353,0.2250518798828125,0.8604009747505188,0.662925124168396,0.5989606380462646,0.8043597340583801,0.7152305245399475,0.2569332718849182,0.6754576563835144,0.782386302947998,0.737119197845459,0.33417773246765137,0.45062708854675293,0.22308498620986938,0.6641865968704224
15,0.7544699311256409,0.9541228413581848,0.7154284715652466,0.3545345664024353,0.9361645579338074,0.6019901037216187,0.8720633387565613,0.9703652858734131,0.9588735103607178,0.9491891860961914,0.8351581692695618,0.9529592394828796,0.7738876342773438,0.6282886862754822,0.8750653862953186,0.8719465136528015,0.2416103482246399,0.2778552174568176,0.9165089130401611,0.5049753189086914,0.8910528421401978,0.9024603962898254,0.7892410755157471,0.929278552532196,0.8229131698608398,0.22018897533416748,0.6009840965270996,0.45274317264556885,0.892791748046875,0.6918342113494873,0.7958871722221375,0.9861432909965515,0.5402665138244629,0.6765381097793579,0.7731847763061523,0.8999272584915161,0.8422473073005676,0.31035834550857544,0.8919848203659058,0.9552075862884521,0.9691724181175232,0.9209233522415161,0.8278384208679199,0.7306921482086182,0.8825173377990723,0.9036444425582886,0.8922905921936035,0.7066148519515991,0.9045885801315308,0.1332595944404602,0.6019421815872192,0.8263230323791504,0.6467764377593994,0.8588182926177979,0.917395830154419,0.9437370300292969,0.5902747511863708,0.8021591901779175,0.9542046189308167,0.8150908946990967,0.71116703748703,0.8518412113189697,0.4762580394744873,0.5900697708129883
16,0.5535433292388916,0.7869735360145569,0.7199018001556396,0.5936306715011597,0.7341886758804321,0.5479640364646912,0.6074239015579224,0.7527787685394287,0.8683792352676392,0.8376120328903198,0.8490589261054993,0.7257930040359497,0.8707234859466553,0.745380163192749,0.7871062755584717,0.524743378162384,0.3219223618507385,0.7716449499130249,0.9018080830574036,0.6962004899978638,0.8478125333786011,0.8113241195678711,0.6524475812911987,0.6970654726028442,0.6938768625259399,0.7275245189666748,0.8550459146499634,0.3958507180213928,0.8754985928535461,0.824647068977356,0.7290974855422974,0.7569944858551025,0.4582516551017761,0.6397720575332642,0.7006462812423706,0.8566814661026001,0.8853885531425476,0.5670470595359802,0.6664180755615234,0.8707420229911804,0.83701092004776,0.32121944427490234,0.7250360250473022,0.8567650318145752,0.7794726490974426,0.8739184141159058,0.5275042057037354,0.856829047203064,0.8069170713424683,0.711815357208252,0.1757354736328125,0.8868226408958435,0.777158796787262,0.9104198217391968,0.7187480926513672,0.5678603649139404,0.6620423197746277,0.9075535535812378,0.8724339604377747,0.4975621700286865,0.6316986083984375,0.589478611946106,0.25277793407440186,0.27788764238357544
17,0.529914915561676,0.8502022624015808,0.6882171034812927,0.8000298142433167,0.7300595045089722,0.8009037971496582,0.82014000415802,0.7760088443756104,0.5450798869132996,0.612006664276123,0.872610330581665,0.8315808176994324,0.6946151256561279,0.4182519316673279,0.8808039426803589,0.6783678531646729,0.5512492656707764,0.1705000400543213,0.7028416991233826,0.5110507011413574,0.7943886518478394,0.8642147183418274,0.6593607068061829,0.6004683971405029,0.6749735474586487,0.5200908780097961,0.7713671922683716,0.323356032371521,0.7434095144271851,0.7702441215515137,0.6497770547866821,0.8969924449920654,0.5092224478721619,0.8408408164978027,0.7056018114089966,0.8710054159164429,0.6740056872367859,0.4148256182670593,0.40936821699142456,0.8437725305557251,0.8937263488769531,0.45555469393730164,0.39254993200302124,0.8503467440605164,0.7321985960006714,0.8765466213226318,0.25793153047561646,0.7440881133079529,0.8677613735198975,0.595005214214325,0.6212215423583984,0.7539685368537903,0.8721952438354492,0.8892058730125427,0.7553499937057495,0.41764307022094727,0.4790497124195099,0.6233614683151245,0.8774724006652832,0.19014906883239746,0.4752746820449829,0.598841667175293,0.5592581033706665,0.2577440142631531
18,0.6758244037628174,0.8770514726638794,0.860156238079071,0.761755108833313,0.608270525932312,0.7799862623214722,0.9651838541030884,0.7897406220436096,0.9166565537452698,0.8974372148513794,0.8003615140914917,0.9150887727737427,0.8898674249649048,0.5995466113090515,0.8278598785400391,0.20328283309936523,0.29010462760925293,0.3295091390609741,0.7535507082939148,0.6101946830749512,0.8963140845298767,0.8822239637374878,0.7782160043716431,0.8859328627586365,0.7924547791481018,0.46236902475357056,0.36604273319244385,0.6534342765808105,0.7778993248939514,0.643159806728363,0.7865360975265503,0.9909797310829163,0.7737833261489868,0.6568177342414856,0.3444940447807312,0.5700100660324097,0.6779447793960571,0.06582194566726685,0.6664535999298096,0.92771977186203,0.973318338394165,0.21576356887817383,0.7753195762634277,0.860679566860199,0.7565968036651611,0.9461532831192017,0.9335205554962158,0.5606323480606079,0.8868815898895264,0.006118357181549072,0.3296371102333069,0.57341068983078,0.4539465308189392,0.903042197227478,0.5824822187423706,0.7892906069755554,0.573604166507721,0.657861590385437,0.9687313437461853,0.6695035696029663,0.2536628246307373,0.7880672216415405,0.7154524326324463,0.43333834409713745
19,0.2722522020339966,0.4917362332344055,0.6342674493789673,0.2622271776199341,0.7113630175590515,0.4986645579338074,0.9379830360412598,0.7587534785270691,0.7135350704193115,0.8554157018661499,0.6459502577781677,0.576378345489502,0.8642458915710449,0.7036552429199219,0.7735980153083801,0.4862552285194397,0.1014832854270935,0.2900586724281311,0.4734330177307129,0.6585833430290222,0.7963993549346924,0.6778949499130249,0.8607951998710632,0.5866407155990601,0.6466467380523682,0.28923100233078003,0.5793441534042358,0.1927868127822876,0.7341049313545227,0.5605031847953796,0.49165815114974976,0.819741427898407,0.7080230712890625,0.23287755250930786,0.5097661018371582,0.43671923875808716,0.6188956499099731,0.0531919002532959,0.5517758131027222,0.9431633353233337,0.860548734664917,0.1445663571357727,0.7563536167144775,0.5568660497665405,0.6090803146362305,0.7882533669471741,0.636607825756073,0.43944185972213745,0.6998012065887451,0.03399842977523804,0.726870059967041,0.6833356618881226,0.44713711738586426,0.523076057434082,0.4273824691772461,0.5593115091323853,0.38205474615097046,0.6781116724014282,0.8703802227973938,0.5652161836624146,0.07788652181625366,0.9245752692222595,0.2793830633163452,0.3454829454421997
20,0.7516952753067017,0.8256357908248901,0.8696743249893188,0.5579921007156372,0.7788021564483643,0.8166730403900146,0.9836410880088806,0.8483176231384277,0.9584344029426575,0.9377825856208801,0.875007152557373,0.878034234046936,0.9619727730751038,0.35021549463272095,0.9305928945541382,0.7881118655204773,0.6586976051330566,0.42427778244018555,0.8640414476394653,0.7262473106384277,0.847981870174408,0.9674822092056274,0.8700437545776367,0.7714383006095886,0.9146890640258789,0.7893849015235901,0.955987274646759,0.7497707605361938,0.8649984002113342,0.710494875907898,0.9307752847671509,0.9588081240653992,0.9589195847511292,0.6935654282569885,0.7521470785140991,0.7968283295631409,0.8272144198417664,0.24497902393341064,0.44813650846481323,0.9877505302429199,0.9254816770553589,0.8422345519065857,0.8182159066200256,0.7813534736633301,0.9168862104415894,0.8919448852539062,0.7610012292861938,0.5928575992584229,0.6766858100891113,0.6839635372161865,0.7514374256134033,0.9358904957771301,0.8156980276107788,0.8908829092979431,0.754731297492981,0.6966692209243774,0.9176265001296997,0.8411277532577515,0.9153417944908142,0.5544894337654114,0.6531884670257568,0.8988447189331055,0.7617264986038208,0.4987112283706665
21,0.9161229133605957,0.9249471426010132,0.8406717777252197,0.7055809497833252,0.9024530649185181,0.8193923830986023,0.8977949619293213,0.9516597390174866,0.9794524908065796,0.8708792328834534,0.9162140488624573,0.9804458618164062,0.8330573439598083,0.593681812286377,0.9153820276260376,0.8633877635002136,0.7853649258613586,0.8430468440055847,0.8171244859695435,0.8504303693771362,0.9476845264434814,0.8958929777145386,0.9342248439788818,0.8451579809188843,0.9564671516418457,0.2953720688819885,0.5640754699707031,0.9160323739051819,0.9352607727050781,0.843080461025238,0.9202677011489868,0.9821679592132568,0.6411234140396118,0.7387314438819885,0.7713573575019836,0.903871476650238,0.9016730785369873,0.7400050759315491,0.6632612347602844,0.9659497141838074,0.92183518409729,0.7942191958427429,0.9018450379371643,0.7182904481887817,0.6036782264709473,0.944966733455658,0.8915498852729797,0.5638841390609741,0.8708992600440979,0.23933029174804688,0.819542407989502,0.9717445373535156,0.916460394859314,0.8660540580749512,0.9239041805267334,0.9146456718444824,0.6734656095504761,0.7402269244194031,0.9577634334564209,0.789063572883606,0.5106463432312012,0.8353652954101562,0.9290749430656433,0.8523050546646118
22,0.45173776149749756,0.7935570478439331,0.6798141598701477,0.26124221086502075,0.9069881439208984,0.5476499795913696,0.7243276834487915,0.685840368270874,0.9437395930290222,0.6691240072250366,0.8464089632034302,0.8564664125442505,0.27300894260406494,0.11268109083175659,0.734130322933197,0.8590287566184998,0.3526647090911865,0.09296667575836182,0.7026063203811646,0.423068106174469,0.9150847792625427,0.8909150958061218,0.4037793278694153,0.7798270583152771,0.7507665157318115,0.1348298192024231,0.6290017366409302,0.5833288431167603,0.8430121541023254,0.458194375038147,0.7065640091896057,0.93311607837677,0.1323501467704773,0.3512527346611023,0.6075777411460876,0.8183071613311768,0.8295554518699646,0.1480923891067505,0.5999445915222168,0.9798726439476013,0.8184648752212524,0.589740514755249,0.8327016830444336,0.6804159283638,0.3864291310310364,0.8895045518875122,0.6384334564208984,0.29757511615753174,0.7895711660385132,0.0226173996925354,0.259246289730072,0.8021377921104431,0.8449374437332153,0.6606858968734741,0.7611345648765564,0.8793526887893677,0.438645601272583,0.6965934634208679,0.5806921124458313,0.41528141498565674,0.3239889144897461,0.5570255517959595,0.5074679851531982,0.6139628887176514
23,0.8748204112052917,0.9283512830734253,0.34978604316711426,0.8092164993286133,0.9276413321495056,0.5919336080551147,0.7074587345123291,0.9126874804496765,0.8736847043037415,0.9114322662353516,0.9219939112663269,0.9541409611701965,0.7852698564529419,0.503358781337738,0.940345048904419,0.15031111240386963,0.4096393585205078,0.7752059102058411,0.9260202050209045,0.8241723775863647,0.9216466546058655,0.7693345546722412,0.949921727180481,0.7395259141921997,0.9358946084976196,0.38372963666915894,0.719087541103363,0.5204113125801086,0.8982394933700562,0.6620689630508423,0.714094877243042,0.9659236669540405,0.8842718601226807,0.5235289335250854,0.7802175283432007,0.8767092227935791,0.8634176254272461,0.6796704530715942,0.564244270324707,0.8293153047561646,0.9582024812698364,0.5751397609710693,0.7159106135368347,0.7732295989990234,0.7831892967224121,0.8880355954170227,0.7735363841056824,0.6336585283279419,0.8184710144996643,0.15393435955047607,0.7095794677734375,0.9174755215644836,0.7514137625694275,0.9460340738296509,0.8387342691421509,0.8781941533088684,0.5215041637420654,0.7635581493377686,0.8648194670677185,0.6269630193710327,0.5017901659011841,0.6132704615592957,0.5682612657546997,0.5509898662567139
24,0.5327295064926147,0.9251161217689514,0.7317426204681396,0.8130223751068115,0.9808638691902161,0.5579179525375366,0.9755187034606934,0.9696621298789978,0.9771497249603271,0.9477033019065857,0.8467245101928711,0.9697412252426147,0.9708518385887146,0.9034453630447388,0.8073193430900574,0.5526461005210876,0.7940297722816467,0.36793291568756104,0.8404109477996826,0.870806872844696,0.88998943567276,0.8843807578086853,0.9799339771270752,0.8615813255310059,0.9643502831459045,0.3662899136543274,0.9299814701080322,0.2304471731185913,0.9561440348625183,0.9502801299095154,0.895068347454071,0.9842203259468079,0.9263873100280762,0.16844213008880615,0.7983836531639099,0.8946077227592468,0.7148077487945557,0.2874484062194824,0.32687705755233765,0.9767905473709106,0.9794674515724182,0.9442929625511169,0.9338122606277466,0.6140493154525757,0.9611279368400574,0.945419192314148,0.8921037912368774,0.565340518951416,0.898230254650116,0.6753795146942139,0.8856303095817566,0.7050198316574097,0.936638355255127,0.8776583671569824,0.941682755947113,0.9314274191856384,0.8762457966804504,0.817219614982605,0.9169639945030212,0.6134783625602722,0.8215101957321167,0.9780728816986084,0.6477036476135254,0.6365206241607666
25,0.6149582862854004,0.8010118007659912,0.6238155364990234,0.8018138408660889,0.9200504422187805,0.5718477368354797,0.9414983987808228,0.8556433916091919,0.7373901605606079,0.8853577375411987,0.7783595323562622,0.960792064666748,0.5279024839401245,0.707182765007019,0.863355278968811,0.6634433269500732,0.541222095489502,0.5332722663879395,0.8444947600364685,0.7430572509765625,0.9577417373657227,0.9787484407424927,0.9067360162734985,0.6735098958015442,0.8971756100654602,0.3323243260383606,0.8958406448364258,0.42111390829086304,0.8892735838890076,0.9022225737571716,0.7499906420707703,0.9008562564849854,0.729404091835022,0.4329701066017151,0.7762393951416016,0.8519071936607361,0.8220208883285522,0.213026762008667,0.7947344779968262,0.9858267307281494,0.8504258394241333,0.522321343421936,0.896356463432312,0.8463090658187866,0.8810922503471375,0.9218777418136597,0.6269201040267944,0.8309291005134583,0.6958192586898804,0.9085280299186707,0.3549646735191345,0.8789792656898499,0.7707218527793884,0.8408762812614441,0.8354192972183228,0.8399738669395447,0.5520210862159729,0.8657392859458923,0.7148491144180298,0.5480732917785645,0.8411465883255005,0.8482069373130798,0.7881901264190674,0.7845578193664551
26,0.7579509019851685,0.8985124826431274,0.6707460284233093,0.7158288359642029,0.7705686688423157,0.740021824836731,0.9214073419570923,0.8624338507652283,0.8055158853530884,0.8937180638313293,0.9223112463951111,0.8649941682815552,0.8603082895278931,0.2575790286064148,0.7956550121307373,0.35079842805862427,0.6325370073318481,0.6122987270355225,0.935600757598877,0.8614559173583984,0.8571265935897827,0.8596677780151367,0.8457123041152954,0.9107285737991333,0.9481295347213745,0.8027461171150208,0.5672439336776733,0.6788424253463745,0.8031597137451172,0.7263188362121582,0.8782180547714233,0.9297718405723572,0.6668860912322998,0.5158413648605347,0.8333011865615845,0.8659409880638123,0.8345195055007935,0.20835137367248535,0.6534647941589355,0.840334951877594,0.7847790122032166,0.6066639423370361,0.7159621715545654,0.9032296538352966,0.8654524683952332,0.7895374298095703,0.960039496421814,0.6940888166427612,0.7432246208190918,0.18931955099105835,0.5128105878829956,0.7111180424690247,0.5573269128799438,0.8475078344345093,0.7708873152732849,0.6808509826660156,0.7464202642440796,0.7114864587783813,0.9100627303123474,0.8027203679084778,0.41698241233825684,0.7423840165138245,0.6895840167999268,0.4524996280670166
27,0.6007829904556274,0.9288898706436157,0.7685408592224121,0.7084912061691284,0.8710417747497559,0.8043763637542725,0.9247850179672241,0.9056699275970459,0.9221099019050598,0.903763473033905,0.8830636143684387,0.9158557057380676,0.9228509664535522,0.9012020826339722,0.8843796849250793,0.6614089608192444,0.5789599418640137,0.5599632859230042,0.8442392945289612,0.7328211665153503,0.9343360662460327,0.8987678289413452,0.9065459966659546,0.953203022480011,0.6868633031845093,0.8266863226890564,0.7783634662628174,0.669640302658081,0.8854681253433228,0.7506247758865356,0.8893193602561951,0.9868330359458923,0.9443008303642273,0.6514227390289307,0.613898515701294,0.8499096632003784,0.7536370158195496,0.6121029257774353,0.6759903430938721,0.9598371386528015,0.9729112982749939,0.8850871920585632,0.9558174014091492,0.7682543396949768,0.9001054167747498,0.8464769721031189,0.9463102221488953,0.8079147934913635,0.9854679107666016,0.7886463403701782,0.8186753392219543,0.8695293664932251,0.9369403719902039,0.8874350786209106,0.9327303171157837,0.988647997379303,0.8719366192817688,0.7772587537765503,0.9681388735771179,0.9874462485313416,0.7403767704963684,0.9499809741973877,0.9531247615814209,0.3041623830795288
28,0.7764246463775635,0.9220288395881653,0.9180002212524414,0.8132486343383789,0.9553624391555786,0.7092238664627075,0.8541269302368164,0.8908975124359131,0.8336949944496155,0.8834775686264038,0.9549928903579712,0.9646791815757751,0.7902657985687256,0.6560179591178894,0.7730364799499512,0.5934118628501892,0.8760518431663513,0.8373389840126038,0.9249861836433411,0.8986600637435913,0.9412796497344971,0.8952061533927917,0.9406494498252869,0.8059516549110413,0.9455618262290955,0.4404671788215637,0.8625694513320923,0.8825404644012451,0.9204564094543457,0.8780714273452759,0.8295565247535706,0.9071929454803467,0.8630493879318237,0.43555283546447754,0.7779694199562073,0.8141456246376038,0.9223818182945251,0.6678805351257324,0.8034898042678833,0.9375025629997253,0.8905770778656006,0.7830151915550232,0.9076961874961853,0.9409304261207581,0.8338966369628906,0.9442898631095886,0.8379543423652649,0.7876633405685425,0.7416242361068726,0.6889239549636841,0.8140712976455688,0.8972198963165283,0.8967668414115906,0.9351935386657715,0.8702551126480103,0.8174129724502563,0.8277945518493652,0.8911895155906677,0.926754355430603,0.7937263250350952,0.6940329074859619,0.8584646582603455,0.89881831407547,0.7581834197044373
29,0.3878224492073059,0.9338523745536804,0.6983852386474609,0.9306811690330505,0.9026864767074585,0.8598390817642212,0.7695117592811584,0.9429274797439575,0.6363562345504761,0.9484940767288208,0.7735527753829956,0.988449215888977,0.9035277962684631,0.7967692613601685,0.7423484921455383,0.8657176494598389,0.6924822330474854,0.15503531694412231,0.9601450562477112,0.7379329204559326,0.9805382490158081,0.9223592281341553,0.9788691401481628,0.9215599894523621,0.8876540064811707,0.36926114559173584,0.8238487243652344,0.47888606786727905,0.9345411062240601,0.5604601502418518,0.9283896088600159,0.9367071390151978,0.8483704328536987,0.5007367134094238,0.6194710731506348,0.8700114488601685,0.9117083549499512,0.10365825891494751,0.9104456901550293,0.9894124865531921,0.9531792402267456,0.674420952796936,0.9738062620162964,0.8665496706962585,0.9438683986663818,0.9538618922233582,0.9214783906936646,0.9305835366249084,0.973196268081665,0.45960140228271484,0.8005204200744629,0.7899038195610046,0.8582484722137451,0.9448082447052002,0.9116330742835999,0.9797152876853943,0.8775590062141418,0.9039727449417114,0.8973926305770874,0.9071581363677979,0.8504889607429504,0.9750036001205444,0.4376446604728699,0.6316921710968018
30,0.4903002977371216,0.8176535964012146,0.7674533128738403,0.6390429139137268,0.7836334109306335,0.6838387250900269,0.893527090549469,0.7622653245925903,0.7928559184074402,0.7932796478271484,0.758055567741394,0.8968916535377502,0.7549562454223633,0.30288809537887573,0.7775833606719971,0.8305578231811523,0.6171957850456238,0.3575870990753174,0.6439584493637085,0.6999363303184509,0.8353199362754822,0.8904885649681091,0.7594362497329712,0.65013587474823,0.639324426651001,0.6000262498855591,0.7344847917556763,0.33876144886016846,0.7124470472335815,0.8485051393508911,0.7703062891960144,0.872965395450592,0.566307544708252,0.8910605907440186,0.7629824876785278,0.8104190230369568,0.7348037958145142,0.5049846172332764,0.4958585500717163,0.8862674832344055,0.7518872022628784,0.7406713962554932,0.7867884635925293,0.6679667830467224,0.8086791038513184,0.8167949318885803,0.5116862654685974,0.6095337867736816,0.8374979496002197,0.643146276473999,0.8097876310348511,0.831078052520752,0.8635246753692627,0.7784612774848938,0.7624269127845764,0.5648335814476013,0.6914516687393188,0.6679162979125977,0.7942107915878296,0.48664432764053345,0.7830297350883484,0.7372616529464722,0.52806156873703,0.3595461845397949
31,0.728873610496521,0.9314166903495789,0.75189208984375,0.7458977699279785,0.9294321537017822,0.6167173385620117,0.8894156217575073,0.907509982585907,0.9864465594291687,0.8640644550323486,0.86945641040802,0.983688473701477,0.8793628215789795,0.8023147583007812,0.9240167140960693,0.9033681750297546,0.6877257823944092,0.6694287657737732,0.7870368957519531,0.8777764439582825,0.9511467218399048,0.9160211086273193,0.6809436082839966,0.8324795961380005,0.7986753582954407,0.87641441822052,0.39675360918045044,0.767589807510376,0.83209228515625,0.8810335397720337,0.9189034700393677,0.969111442565918,0.5197896957397461,0.8298963308334351,0.8932294845581055,0.8866804838180542,0.9093160629272461,0.5534900426864624,0.7058254480361938,0.9828630685806274,0.9173977375030518,0.9196367263793945,0.8967620134353638,0.9016987085342407,0.7577711343765259,0.8762091994285583,0.8198947310447693,0.7739678025245667,0.9188874959945679,0.09161108732223511,0.6891222596168518,0.861299991607666,0.8112210631370544,0.8758330941200256,0.9331249594688416,0.9097566604614258,0.8319511413574219,0.8300576210021973,0.8943697810173035,0.7961294651031494,0.7193232774734497,0.7122447490692139,0.9658594727516174,0.7481873631477356
32,0.6611799001693726,0.30672770738601685,0.5679467916488647,0.3020492196083069,0.7173173427581787,0.7880937457084656,0.6467702388763428,0.8751487731933594,0.791953980922699,0.7013482451438904,0.7441560626029968,0.9238153696060181,0.739260196685791,0.346568763256073,0.7324519157409668,0.36445748805999756,0.08803868293762207,0.668810248374939,0.7064113616943359,0.6329030990600586,0.87526935338974,0.8286847472190857,0.7799130082130432,0.5969469547271729,0.6571769118309021,0.24728119373321533,0.5548288822174072,0.7389028072357178,0.8329121470451355,0.530450701713562,0.6982154846191406,0.8359818458557129,0.33607590198516846,0.5104066133499146,0.4748038053512573,0.6915311217308044,0.7734665870666504,0.2933237552642822,0.5180699825286865,0.9000181555747986,0.7228446006774902,0.4088967442512512,0.84527587890625,0.5919616222381592,0.6522089242935181,0.889752984046936,0.6824947595596313,0.5674600601196289,0.6827448606491089,0.10520929098129272,0.3725777864456177,0.7470908761024475,0.4735686779022217,0.673635721206665,0.4022507667541504,0.6016993522644043,0.7010165452957153,0.728341817855835,0.8720463514328003,0.5711255073547363,0.11690223217010498,0.46938419342041016,0.7071651816368103,0.2636610269546509
33,0.8023182153701782,0.8472095727920532,0.4633914828300476,0.5866494178771973,0.9172112345695496,0.8765042424201965,0.8338844776153564,0.9167754650115967,0.9096348881721497,0.8405429124832153,0.9217888116836548,0.9619242548942566,0.48787176609039307,0.11878204345703125,0.9049533605575562,0.8290659785270691,0.32726359367370605,0.5671622157096863,0.9169874787330627,0.8338819742202759,0.9503536820411682,0.9015273451805115,0.8196012377738953,0.8289740085601807,0.32188332080841064,0.27602964639663696,0.8393251895904541,0.6521149277687073,0.9143528938293457,0.8380662202835083,0.827608048915863,0.8994030356407166,0.6225053071975708,0.33527642488479614,0.6835436820983887,0.8499464988708496,0.9196354746818542,0.46423065662384033,0.6355780363082886,0.9587773680686951,0.9231626391410828,0.6393206119537354,0.7807984352111816,0.7959475517272949,0.9315370321273804,0.822203516960144,0.6994295120239258,0.6350437998771667,0.7676635980606079,0.00813227891921997,0.574570894241333,0.8238707780838013,0.8233596086502075,0.859553337097168,0.8308490514755249,0.7823693752288818,0.606704592704773,0.7776695489883423,0.7313011884689331,0.5182470083236694,0.3069111704826355,0.8540338277816772,0.7738761305809021,0.6315497159957886
34,0.6505963802337646,0.71124267578125,0.710778534412384,0.7313650250434875,0.6366503238677979,0.681087851524353,0.6523600816726685,0.5583745241165161,0.7284533977508545,0.6559548377990723,0.7443841695785522,0.7229704856872559,0.6738365292549133,0.10180407762527466,0.7060899138450623,0.6096354722976685,0.53885817527771,0.6272625923156738,0.7143784761428833,0.6575453877449036,0.5999884605407715,0.6535177826881409,0.7342268824577332,0.5600845813751221,0.6274423599243164,0.6331267356872559,0.6974674463272095,0.5754666328430176,0.6691200137138367,0.7046375274658203,0.6926631927490234,0.7206678986549377,0.6895843148231506,0.7231626510620117,0.6852334141731262,0.7309749126434326,0.6577805280685425,0.692757785320282,0.5816113352775574,0.7330023646354675,0.7229968309402466,0.6640633940696716,0.14701485633850098,0.7316991686820984,0.7526904940605164,0.7265772819519043,0.43390175700187683,0.6900635957717896,0.6784160733222961,0.6992059350013733,0.561659038066864,0.7279438376426697,0.7322267293930054,0.748960018157959,0.6736916303634644,0.47039613127708435,0.6588754057884216,0.6269944906234741,0.7535561919212341,0.5427911281585693,0.5933010578155518,0.6694653034210205,0.5647527575492859,0.3999081254005432
35,0.6622443199157715,0.7294374704360962,0.5574783086776733,0.3484930992126465,0.8401376008987427,0.46360355615615845,0.289811372756958,0.9361855387687683,0.7812236547470093,0.8834863305091858,0.795461118221283,0.8158486485481262,0.47945159673690796,0.6892009377479553,0.8160668611526489,0.4903920888900757,0.3578300476074219,0.6553394794464111,0.816052258014679,0.44070637226104736,0.7746037244796753,0.6929967403411865,0.7695888876914978,0.6892839074134827,0.2658500671386719,0.12975817918777466,0.43294161558151245,0.5390665531158447,0.9045442342758179,0.7266616225242615,0.5134748816490173,0.479827880859375,0.758985161781311,0.37913310527801514,0.6623094081878662,0.6250885725021362,0.8527730107307434,0.27452552318573,0.49360746145248413,0.7584612369537354,0.7541338205337524,0.27754759788513184,0.8916724324226379,0.721998929977417,0.31302350759506226,0.9123563170433044,0.6871487498283386,0.5213887691497803,0.7314165830612183,0.0978078842163086,0.8348968625068665,0.5828028917312622,0.9127941131591797,0.8194637894630432,0.33713459968566895,0.5233334302902222,0.5439357161521912,0.8659289479255676,0.7648278474807739,0.7421106100082397,0.568526029586792,0.6073265075683594,0.6006025671958923,0.7638076543807983
36,0.6137475371360779,0.9507431387901306,0.13438695669174194,0.5485780835151672,0.8310292959213257,0.6537442207336426,0.9138964414596558,0.8409240245819092,0.9229766130447388,0.951710045337677,0.8519154787063599,0.9852380156517029,0.4100620150566101,0.44519078731536865,0.8288251161575317,0.8677917122840881,0.6411505341529846,0.058808863162994385,0.8237203359603882,0.6890428066253662,0.9154382944107056,0.9273439645767212,0.7639667987823486,0.8082975149154663,0.7973439693450928,0.31379956007003784,0.7041378617286682,0.8261399269104004,0.9435271620750427,0.5379475355148315,0.7148182392120361,0.8861201405525208,0.7290464639663696,0.5601258873939514,0.5292935371398926,0.7419506311416626,0.7573233246803284,0.14877206087112427,0.3345550298690796,0.9864323139190674,0.8409219980239868,0.7297720909118652,0.8640702962875366,0.6858292818069458,0.8099269866943359,0.8288488388061523,0.696718692779541,0.5640433430671692,0.9129615426063538,0.08582794666290283,0.5536094903945923,0.6289281249046326,0.6180962920188904,0.7835606336593628,0.9535545110702515,0.9352846145629883,0.24179410934448242,0.8265993595123291,0.7736140489578247,0.8071291446685791,0.645676851272583,0.5915738344192505,0.6591475009918213,0.8117293119430542
37,0.7216801047325134,0.8943650722503662,0.3696950674057007,0.9521073698997498,0.9448420405387878,0.7474722862243652,0.9919015765190125,0.9466894865036011,0.9708019495010376,0.9274147152900696,0.9240595698356628,0.9774705171585083,0.7600669860839844,0.8840193748474121,0.864378809928894,0.9724037051200867,0.3537973165512085,0.4497072100639343,0.8388283848762512,0.603270411491394,0.932031512260437,0.9552006125450134,0.9427725076675415,0.8955737352371216,0.8711451292037964,0.8130530714988708,0.9804987907409668,0.5279479026794434,0.9541540741920471,0.957980751991272,0.920006275177002,0.9846627712249756,0.8343087434768677,0.7504770755767822,0.9416494369506836,0.9784240126609802,0.839994490146637,0.7068111896514893,0.6211901903152466,0.9904605746269226,0.9659246206283569,0.9572333693504333,0.9483131170272827,0.7795512676239014,0.9390767216682434,0.884405791759491,0.6950374245643616,0.7773552536964417,0.8672831058502197,0.9767115712165833,0.9584676623344421,0.9640281200408936,0.5734819769859314,0.8329339623451233,0.8573185205459595,0.8849993348121643,0.886955976486206,0.8811579346656799,0.96526700258255,0.738998532295227,0.9567878842353821,0.9373271465301514,0.7689990997314453,0.7508740425109863
38,0.8624509572982788,0.7650527358055115,0.7504578232765198,0.5536036491394043,0.9017265439033508,0.6523407697677612,0.8728693127632141,0.9655441641807556,0.7506408095359802,0.9071099162101746,0.8552309274673462,0.9426377415657043,0.9386079907417297,0.8153167366981506,0.7581862211227417,0.7984821200370789,0.31557703018188477,0.7944420576095581,0.9003464579582214,0.8613588809967041,0.9558300375938416,0.9145178198814392,0.8777850270271301,0.6322997212409973,0.9776784181594849,0.48605048656463623,0.9285892248153687,0.5700796842575073,0.8901216983795166,0.884349524974823,0.727596640586853,0.9569735527038574,0.7533260583877563,0.6267700791358948,0.7909033894538879,0.8521149158477783,0.8580278754234314,0.670714259147644,0.6499165892601013,0.9512808918952942,0.8350370526313782,0.5801107883453369,0.9532325267791748,0.7953197956085205,0.832654595375061,0.844747006893158,0.6389379501342773,0.7282790541648865,0.49794846773147583,0.6738351583480835,0.6750463843345642,0.9526205062866211,0.6714755296707153,0.8043063282966614,0.7558073997497559,0.64557945728302,0.8689883351325989,0.9017546772956848,0.8366217613220215,0.596066951751709,0.8413959741592407,0.7205867767333984,0.8969696164131165,0.2961035370826721
39,0.6205390095710754,0.9534125328063965,0.845174252986908,0.8304703235626221,0.8223099112510681,0.8876080513000488,0.971072256565094,0.8948715925216675,0.919202446937561,0.8990023136138916,0.9887611269950867,0.9482337236404419,0.956021249294281,0.8825812935829163,0.9486721158027649,0.8566330671310425,0.730545163154602,0.4817291498184204,0.9685239195823669,0.7642443180084229,0.7613124847412109,0.9673675298690796,0.9825500845909119,0.8796225190162659,0.8335225582122803,0.6829323768615723,0.8026677370071411,0.7726538777351379,0.8332951068878174,0.8523845076560974,0.8835282921791077,0.9893094301223755,0.9432412385940552,0.7494124174118042,0.8210964202880859,0.820845365524292,0.9316314458847046,0.7194335460662842,0.9081039428710938,0.9675588011741638,0.8682049512863159,0.4789111614227295,0.9122454524040222,0.9056177735328674,0.9626166224479675,0.9874364733695984,0.8492031097412109,0.8295290470123291,0.9645297527313232,0.6313365697860718,0.8444203734397888,0.8154682517051697,0.9628303647041321,0.9752758741378784,0.8598484992980957,0.8653729557991028,0.8568513989448547,0.7561382055282593,0.9599523544311523,0.7105404138565063,0.46979111433029175,0.9261346459388733,0.7097305059432983,0.7768346667289734
40,0.7558401823043823,0.9489208459854126,0.8577780723571777,0.31272727251052856,0.9547598958015442,0.8495776653289795,0.934079647064209,0.7503432035446167,0.9557741284370422,0.7779739499092102,0.9218025207519531,0.9657556414604187,0.803488552570343,0.203108549118042,0.8633462190628052,0.64615398645401,0.8617970943450928,0.8551267385482788,0.8678566217422485,0.7168240547180176,0.8776049017906189,0.9361187815666199,0.745449960231781,0.9237953424453735,0.6948403716087341,0.38132715225219727,0.6436017751693726,0.7006288766860962,0.8705356121063232,0.8122336864471436,0.8694561719894409,0.9802979826927185,0.35023581981658936,0.830469012260437,0.6760728359222412,0.9398502111434937,0.7281135320663452,0.28533148765563965,0.6789641380310059,0.9742987155914307,0.9259132146835327,0.941819429397583,0.6425915956497192,0.8269472122192383,0.6105235815048218,0.9068259000778198,0.9601120948791504,0.6444610357284546,0.9335438013076782,0.5815083980560303,0.9153339862823486,0.770219087600708,0.8944404125213623,0.8585562705993652,0.9304272532463074,0.9113984704017639,0.830364465713501,0.7696865797042847,0.946142315864563,0.8964160084724426,0.07466953992843628,0.7045066952705383,0.767978310585022,0.7379412651062012
41,0.6254845857620239,0.8827763795852661,0.7853562831878662,0.4837046265602112,0.8823426961898804,0.6675896644592285,0.8613346815109253,0.9311054348945618,0.8939828872680664,0.8149194717407227,0.9206802248954773,0.9716984033584595,0.7916730046272278,0.40932977199554443,0.8987196087837219,0.6736066341400146,0.46352845430374146,0.6955536603927612,0.8751133680343628,0.4447948932647705,0.878227174282074,0.9489829540252686,0.927466869354248,0.6054760217666626,0.891937255859375,0.7588959336280823,0.7387585639953613,0.7917643785476685,0.8841144442558289,0.65773606300354,0.8465076088905334,0.9224070310592651,0.8272100687026978,0.6121185421943665,0.44504159688949585,0.8790075778961182,0.8073646426200867,0.26360487937927246,0.5533418655395508,0.9778062701225281,0.9239188432693481,0.5446711778640747,0.8615216016769409,0.6781545877456665,0.8556846976280212,0.9749191403388977,0.5913842916488647,0.6316952705383301,0.6849355697631836,0.370535671710968,0.7100085020065308,0.9466442465782166,0.8979648351669312,0.8203001022338867,0.8581551313400269,0.5319408178329468,0.8098260760307312,0.7455487847328186,0.881232738494873,0.44585782289505005,0.7837564945220947,0.8049936890602112,0.5999207496643066,0.4598820209503174
42,0.834142804145813,0.8646158576011658,0.8550348877906799,0.6314334273338318,0.8692694306373596,0.7791056632995605,0.9086323976516724,0.7627917528152466,0.7420751452445984,0.8057005405426025,0.911670982837677,0.9234215021133423,0.7810143232345581,0.720253050327301,0.875053882598877,0.6905157566070557,0.6295216083526611,0.20284122228622437,0.8067492246627808,0.6761467456817627,0.9047882556915283,0.8890725374221802,0.8571901321411133,0.6871862411499023,0.8908750414848328,0.7102462649345398,0.833810031414032,0.7534862756729126,0.8642849326133728,0.7077082395553589,0.8037505149841309,0.9338237047195435,0.7078702449798584,0.7516326308250427,0.7801820039749146,0.8533811569213867,0.8795865774154663,0.7069755792617798,0.4582049548625946,0.8834741115570068,0.8823637366294861,0.8147063851356506,0.8443601131439209,0.8382631540298462,0.728669285774231,0.9163020253181458,0.5681998133659363,0.7516217827796936,0.8556090593338013,0.7462515234947205,0.8184992671012878,0.914942741394043,0.8812960386276245,0.892101526260376,0.9060103893280029,0.6066358089447021,0.7316252589225769,0.8651193380355835,0.8286219835281372,0.5263651609420776,0.7634298205375671,0.7931511402130127,0.7367433905601501,0.2872238755226135
43,0.7657528519630432,0.889944851398468,0.9036638140678406,0.8747559785842896,0.8897594213485718,0.9010377526283264,0.854556143283844,0.8868421316146851,0.9209311008453369,0.8845053315162659,0.9091930985450745,0.9248813986778259,0.8179507255554199,0.5940052270889282,0.8303940892219543,0.8208749294281006,0.822411835193634,0.3976438641548157,0.926826536655426,0.7812898755073547,0.8793522715568542,0.8748963475227356,0.9308601021766663,0.795411229133606,0.8912987112998962,0.7938064336776733,0.8569141030311584,0.8029291033744812,0.8646019697189331,0.8191720247268677,0.7920024991035461,0.830407977104187,0.8211907148361206,0.8733817934989929,0.8348121643066406,0.8980068564414978,0.8645167350769043,0.8812116384506226,0.8002038598060608,0.9268364906311035,0.9241020083427429,0.8045755624771118,0.8657408356666565,0.8320449590682983,0.8332085609436035,0.9021110534667969,0.6688590049743652,0.8182395100593567,0.9069284200668335,0.7837979793548584,0.8920469880104065,0.915603756904602,0.8970862030982971,0.9224724769592285,0.8704150915145874,0.7837216854095459,0.8878580927848816,0.8923263549804688,0.8956365585327148,0.7845708131790161,0.5835779905319214,0.8118629455566406,0.45300930738449097,0.3868863582611084
44,0.7965360879898071,0.9251238703727722,0.8585405945777893,0.8463642597198486,0.8918818831443787,0.8555405139923096,0.8332563042640686,0.7186747789382935,0.9498416781425476,0.8732091784477234,0.9309196472167969,0.9175595641136169,0.8386663198471069,0.7078351974487305,0.9017497897148132,0.7714737057685852,0.6751638650894165,0.39058780670166016,0.8963913321495056,0.7154195308685303,0.7895459532737732,0.8948208093643188,0.8838865756988525,0.7906937003135681,0.8215776085853577,0.7970752716064453,0.7427332401275635,0.4413801431655884,0.8420396447181702,0.8345315456390381,0.7955989241600037,0.9081694483757019,0.7891104221343994,0.9317281246185303,0.592066764831543,0.9545112252235413,0.8843685984611511,0.7256650924682617,0.5839636325836182,0.903574526309967,0.9348171949386597,0.8739522695541382,0.7060834169387817,0.8916767835617065,0.8381890654563904,0.9370599985122681,0.6222304105758667,0.8897725343704224,0.8707492351531982,0.6770032644271851,0.86204993724823,0.9392862915992737,0.9054017066955566,0.9346573352813721,0.6406317353248596,0.7602891325950623,0.8231254816055298,0.9169445037841797,0.9434393048286438,0.5609513521194458,0.8379204273223877,0.838647723197937,0.38629835844039917,0.29090559482574463
45,0.7767255902290344,0.8246861100196838,0.8738552927970886,0.8167974352836609,0.7792227864265442,0.6022602319717407,0.8020836114883423,0.8423176407814026,0.7309243679046631,0.8784095644950867,0.8450620174407959,0.9213227033615112,0.7632349133491516,0.3614424467086792,0.9063670039176941,0.7149563431739807,0.39132624864578247,0.4709852337837219,0.8371087312698364,0.6745614409446716,0.81749027967453,0.9483832120895386,0.9462347030639648,0.5863257050514221,0.49961745738983154,0.6793029308319092,0.47122377157211304,0.2966855764389038,0.9083348512649536,0.8510105609893799,0.8505539298057556,0.868891716003418,0.8242731094360352,0.5474158525466919,0.3390839695930481,0.9397895932197571,0.7227203845977783,0.3216264247894287,0.38681793212890625,0.978529155254364,0.9446789026260376,0.40777307748794556,0.6604728102684021,0.7279871702194214,0.7985867261886597,0.9606688022613525,0.4147823452949524,0.6226790547370911,0.7646689414978027,0.39272332191467285,0.6180995106697083,0.8039617538452148,0.6884627938270569,0.8066621422767639,0.7145613431930542,0.7718311548233032,0.7736304998397827,0.8005174398422241,0.8998544812202454,0.5682493448257446,0.3269801735877991,0.8724954128265381,0.2683767080307007,0.731232225894928
46,0.5120223164558411,0.6147365570068359,0.7856811285018921,0.6374643445014954,0.757986307144165,0.5037057399749756,0.7751470804214478,0.7846560478210449,0.6531788110733032,0.7876213192939758,0.7660543322563171,0.7894793152809143,0.7243676781654358,0.5682307481765747,0.7745906114578247,0.6056373715400696,0.36738091707229614,-0.050351738929748535,0.5614901781082153,0.552523136138916,0.7607588171958923,0.7386571168899536,0.7196263074874878,0.43034201860427856,0.7996851801872253,0.30376696586608887,0.6946536302566528,0.3403392434120178,0.7430223226547241,0.6843308210372925,0.7114076614379883,0.7517222762107849,0.6055938601493835,0.5553396344184875,0.30725133419036865,0.6047936677932739,0.7708301544189453,0.27588576078414917,0.20922619104385376,0.793019711971283,0.7681481242179871,0.7085576057434082,0.664871096611023,0.6203688979148865,0.6575415730476379,0.812814474105835,0.2558942437171936,0.5672882795333862,0.7382168769836426,0.545805811882019,0.7698330879211426,0.6601589918136597,0.6829927563667297,0.7930969595909119,0.7230553030967712,0.22262006998062134,0.47417744994163513,0.7849458456039429,0.7689768671989441,0.10873216390609741,0.7160704135894775,0.6421327590942383,0.10450398921966553,0.17807286977767944
47,0.6847389936447144,0.6072354316711426,0.7993465662002563,0.6925742030143738,0.8135620951652527,0.5631464719772339,0.8240631818771362,0.7035538554191589,0.6747266054153442,0.6836004853248596,0.8726827502250671,0.8277568817138672,0.8633444309234619,0.4734260141849518,0.7918310761451721,0.8324620723724365,0.5902182459831238,0.3294525742530823,0.6948865056037903,0.8097674250602722,0.8275916576385498,0.8075010180473328,0.639039158821106,0.653821587562561,0.6728483438491821,0.7688204050064087,0.775263249874115,0.5475634336471558,0.7948426008224487,0.7299544811248779,0.7967256307601929,0.7655198574066162,0.4699086546897888,0.7445029616355896,0.6113903522491455,0.7930227518081665,0.7705566883087158,0.4995812177658081,0.4378756880760193,0.9058231115341187,0.7637326717376709,0.5841907262802124,0.7107839584350586,0.8549227118492126,0.6845532059669495,0.8865742683410645,0.4611702561378479,0.5258437991142273,0.7817190885543823,0.6302104592323303,0.5440444350242615,0.8102240562438965,0.8593080639839172,0.8914531469345093,0.5567387342453003,0.5254442691802979,0.4904548227787018,0.8210794925689697,0.7474535703659058,0.42879462242126465,0.5892384648323059,0.6270890831947327,0.31334906816482544,0.4425818920135498
48,0.32900235056877136,0.29717910289764404,0.4397749900817871,0.32399243116378784,0.602603554725647,0.37889811396598816,0.5213025808334351,0.5751161575317383,0.5536983609199524,0.663713812828064,0.530987024307251,0.6999024152755737,0.37914353609085083,0.3199595808982849,0.5812137722969055,0.14535623788833618,0.19165432453155518,0.12906485795974731,0.4207153618335724,0.5108149647712708,0.5695805549621582,0.555249035358429,0.46558690071105957,0.41786032915115356,0.4609745740890503,0.33971643447875977,0.39913326501846313,0.17906659841537476,0.4952240586280823,0.456712931394577,0.3446064591407776,0.4870147705078125,0.42622682452201843,0.3013811707496643,0.44429779052734375,0.5085784196853638,0.5548055171966553,0.41856247186660767,0.5024799108505249,0.6194543242454529,0.22448372840881348,0.20645356178283691,0.5310397148132324,0.5675023794174194,0.5082743167877197,0.6054230332374573,0.44462159276008606,0.2749108374118805,0.30820325016975403,0.4014166593551636,0.49836015701293945,0.39912939071655273,0.3919353485107422,0.6122545599937439,0.45146888494491577,0.4739072024822235,0.4205079674720764,0.5284597873687744,0.5917932391166687,0.36680376529693604,0.411731094121933,0.49257880449295044,0.16913044452667236,0.29245591163635254
